,0
0,-0.1187504
1,-0.1194924
2,-0.1175262
3,-0.1146203
4,-0.1130265
5,-0.1141092
6,-0.1185202
7,-0.1256859
8,-0.1341455
9,-0.1428377
10,-0.1510385
11,-0.1592517
12,-0.1688705
13,-0.1793194
14,-0.1885868
15,-0.1962944
16,-0.2032885
17,-0.2100779
18,-0.2188361
19,-0.228304
20,-0.2339415
21,-0.235109
22,-0.2327785
23,-0.2286374
24,-0.224509
25,-0.2201305
26,-0.2188692
27,-0.2203494
28,-0.2230683
29,-0.2265744
30,-0.2312104
31,-0.2359004
32,-0.2385589
33,-0.2393116
34,-0.239918
35,-0.2413585
36,-0.2439982
37,-0.2475341
38,-0.2511798
39,-0.2542503
40,-0.2564201
41,-0.2595949
42,-0.2619423
43,-0.2641233
44,-0.2669821
45,-0.270557
46,-0.2742879
47,-0.2773283
48,-0.2786548
49,-0.2779747
50,-0.27555
51,-0.2725618
52,-0.2708276
53,-0.2715618
54,-0.2755506
55,-0.2851766
56,-0.2990698
57,-0.3151746
58,-0.3310038
59,-0.3456534
60,-0.3594265
61,-0.3731322
62,-0.3879222
63,-0.4043722
64,-0.4226081
65,-0.4420877
66,-0.4617944
67,-0.4805028
68,-0.4968805
69,-0.5101661
70,-0.5200529
71,-0.5270919
72,-0.5324507
73,-0.5370885
74,-0.541773
75,-0.5448557
76,-0.542963
77,-0.5337617
78,-0.5205225
79,-0.5037885
80,-0.4870856
81,-0.4725525
82,-0.4598115
83,-0.4480975
84,-0.4363907
85,-0.4234301
86,-0.4078272
87,-0.389846
88,-0.3709668
89,-0.3522857
90,-0.3345731
91,-0.3177854
92,-0.3008066
93,-0.2860152
94,-0.2741967
95,-0.2653639
96,-0.2589549
97,-0.2536727
98,-0.2477251
99,-0.2401964
100,-0.2308568
101,-0.2183695
102,-0.2006317
103,-0.1760918
104,-0.1461187
105,-0.112684
106,-0.07747278
107,-0.03962261
108,0.00358078
109,0.05439907
110,0.1127426
111,0.181285
112,0.2626166
113,0.3563264
114,0.4606608
115,0.5748567
116,0.6989022
117,0.8312145
118,0.9690971
119,1.111796
120,1.260022
121,1.414091
122,1.574006
123,1.738509
124,1.905447
125,2.073621
126,2.242586
127,2.409786
128,2.571181
129,2.722651
130,2.860174
131,2.981475
132,3.086808
133,3.177292
134,3.253181
135,3.313354
136,3.355732
137,3.378202
138,3.378718
139,3.355672
140,3.307856
141,3.235197
142,3.13849
143,3.019268
144,2.879555
145,2.719487
146,2.537803
147,2.334468
148,2.110368
149,1.869748
150,1.619181
151,1.363951
152,1.106799
153,0.8483488
154,0.5874187
155,0.3255065
156,0.06603087
157,-0.1876933
158,-0.4325642
159,-0.6662223
160,-0.886958
161,-1.093392
162,-1.284456
163,-1.459428
164,-1.617881
165,-1.760154
166,-1.88716
167,-2.000671
168,-2.102858
169,-2.196133
170,-2.280327
171,-2.35388
172,-2.41428
173,-2.460873
174,-2.494427
175,-2.516642
176,-2.529852
177,-2.535527
178,-2.534435
179,-2.528014
180,-2.518143
181,-2.506174
182,-2.493034
183,-2.477716
184,-2.45784
185,-2.431475
186,-2.397102
187,-2.354525
188,-2.304542
189,-2.248219
190,-2.186774
191,-2.120766
192,-2.048168
193,-1.972805
194,-1.8981
195,-1.82562
196,-1.755598
197,-1.689253
198,-1.628485
199,-1.575531
200,-1.53279
201,-1.502269
202,-1.48559
203,-1.484371
204,-1.500139
205,-1.533222
206,-1.583024
207,-1.647898
208,-1.72546
209,-1.81293
210,-1.907319
211,-2.005006
212,-2.102029
213,-2.195436
214,-2.283137
215,-2.362768
216,-2.431859
217,-2.488324
218,-2.530453
219,-2.557491
220,-2.568475
221,-2.566616
222,-2.554739
223,-2.534274
224,-2.505583
225,-2.468874
226,-2.424247
227,-2.371347
228,-2.309509
229,-2.24093
230,-2.169855
231,-2.101358
232,-2.040925
233,-1.991588
234,-1.954431
235,-1.928897
236,-1.911077
237,-1.901181
238,-1.900897
239,-1.91147
240,-1.934636
241,-1.971826
242,-2.024169
243,-2.090915
244,-2.169926
245,-2.25926
246,-2.357183
247,-2.462203
248,-2.573063
249,-2.688062
250,-2.805237
251,-2.921854
252,-3.034724
253,-3.140561
254,-3.236156
255,-3.318113
256,-3.383078
257,-3.42824
258,-3.451326
259,-3.451342
260,-3.428302
261,-3.383639
262,-3.319794
263,-3.237106
264,-3.134354
265,-3.012828
266,-2.877117
267,-2.72655
268,-2.562241
269,-2.385667
270,-2.198548
271,-2.003068
272,-1.801686
273,-1.596017
274,-1.386991
275,-1.175722
276,-0.963418
277,-0.7513683
278,-0.5408765
279,-0.3326237
280,-0.1268049
281,0.07653014
282,0.2774416
283,0.4763679
284,0.6740093
285,0.8697172
286,1.061866
287,1.249744
288,1.433345
289,1.61092
290,1.779497
291,1.938111
292,2.087329
293,2.228069
294,2.361478
295,2.487819
296,2.606692
297,2.716584
298,2.815211
299,2.901705
300,2.977536
301,3.040385
302,3.0893
303,3.12183
304,3.137763
305,3.138529
306,3.123987
307,3.094871
308,3.052552
309,2.9971
310,2.927637
311,2.844658
312,2.749673
313,2.64403
314,2.528924
315,2.406079
316,2.277556
317,2.143199
318,2.001221
319,1.850604
320,1.690958
321,1.523321
322,1.34976
323,1.172653
324,0.994527
325,0.8167942
326,0.639994
327,0.4663429
328,0.299214
329,0.1390168
330,-0.01605362
331,-0.1660014
332,-0.309499
333,-0.4446859
334,-0.569383
335,-0.6823747
336,-0.7832129
337,-0.8732858
338,-0.9553012
339,-1.031447
340,-1.0989
341,-1.156144
342,-1.201619
343,-1.23462
344,-1.255109
345,-1.26359
346,-1.260964
347,-1.247633
348,-1.223624
349,-1.190237
350,-1.149678
351,-1.102731
352,-1.049102
353,-0.9884136
354,-0.9202565
355,-0.8451171
356,-0.7641389
357,-0.6780592
358,-0.5872964
359,-0.4919017
360,-0.3916523
361,-0.2870217
362,-0.1789812
363,-0.06804944
364,0.04675973
365,0.1658522
366,0.2895154
367,0.4168043
368,0.5453247
369,0.672596
370,0.7977432
371,0.9232838
372,1.048333
373,1.17091
374,1.28829
375,1.399449
376,1.504663
377,1.604035
378,1.69754
379,1.785463
380,1.868319
381,1.945812
382,2.017056
383,2.08154
384,2.139047
385,2.190673
386,2.238443
387,2.285216
388,2.334346
389,2.385479
390,2.435531
391,2.482542
392,2.525462
393,2.565002
394,2.603147
395,2.64031
396,2.675729
397,2.708181
398,2.736155
399,2.757722
400,2.77133
401,2.77951
402,2.783417
403,2.784387
404,2.783845
405,2.781172
406,2.774255
407,2.762067
408,2.744421
409,2.721533
410,2.694319
411,2.664073
412,2.630077
413,2.591283
414,2.546452
415,2.4957
416,2.440175
417,2.381348
418,2.320883
419,2.259536
420,2.196772
421,2.132251
422,2.066468
423,1.997471
424,1.926566
425,1.853976
426,1.778753
427,1.700883
428,1.621037
429,1.540568
430,1.461272
431,1.383293
432,1.305534
433,1.226767
434,1.145713
435,1.06232
436,0.9774517
437,0.8928073
438,0.8106448
439,0.7327257
440,0.6603667
441,0.5933034
442,0.5301032
443,0.4689747
444,0.4079258
445,0.3460042
446,0.2830624
447,0.2208714
448,0.1625542
449,0.1087779
450,0.05836086
451,0.01117266
452,-0.03213534
453,-0.07093727
454,-0.1046548
455,-0.1339592
456,-0.1604266
457,-0.18412
458,-0.2039824
459,-0.2193166
460,-0.2297229
461,-0.2365426
462,-0.2423566
463,-0.2489261
464,-0.2573352
465,-0.2693132
466,-0.286995
467,-0.3098723
468,-0.335493
469,-0.3610592
470,-0.3836269
471,-0.4025691
472,-0.4190042
473,-0.4339821
474,-0.4484638
475,-0.4623659
476,-0.4748373
477,-0.4847863
478,-0.4909909
479,-0.4943499
480,-0.4973032
481,-0.4996708
482,-0.5022475
483,-0.5038716
484,-0.5011718
485,-0.4924216
486,-0.4771883
487,-0.4568115
488,-0.4338972
489,-0.4100858
490,-0.3863686
491,-0.3661051
492,-0.3454286
493,-0.3245222
494,-0.3038582
495,-0.2834545
496,-0.265009
497,-0.2484889
498,-0.2333499
499,-0.2190343
500,-0.2049968
501,-0.1935481
502,-0.1910947
503,-0.1988487
504,-0.2155108
505,-0.239035
506,-0.2658994
507,-0.2941994
508,-0.3233005
509,-0.353424
510,-0.3854198
511,-0.4210149
512,-0.4625191
513,-0.5107943
514,-0.5655899
515,-0.6240374
516,-0.6814333
517,-0.7365046
518,-0.7905673
519,-0.844883
520,-0.900623
521,-0.957149
522,-1.012504
523,-1.067699
524,-1.125903
525,-1.187372
526,-1.250181
527,-1.31248
528,-1.372541
529,-1.429917
530,-1.48513
531,-1.538511
532,-1.590239
533,-1.64373
534,-1.694404
535,-1.74055
536,-1.781633
537,-1.816699
538,-1.844525
539,-1.864855
540,-1.878271
541,-1.885532
542,-1.887393
543,-1.885384
544,-1.881407
545,-1.876137
546,-1.86932
547,-1.859968
548,-1.846593
549,-1.829635
550,-1.811025
551,-1.790242
552,-1.765238
553,-1.735114
554,-1.69942
555,-1.66026
556,-1.621074
557,-1.582976
558,-1.54416
559,-1.50483
560,-1.469914
561,-1.438059
562,-1.4115
563,-1.390949
564,-1.375956
565,-1.365456
566,-1.357965
567,-1.353102
568,-1.351311
569,-1.352169
570,-1.354626
571,-1.358234
572,-1.363008
573,-1.367752
574,-1.370425
575,-1.369662
576,-1.36466
577,-1.353588
578,-1.333937
579,-1.305633
580,-1.270422
581,-1.230931
582,-1.190347
583,-1.148967
584,-1.104944
585,-1.058142
586,-1.009701
587,-0.9610304
588,-0.9136828
589,-0.8682462
590,-0.8245686
591,-0.7822744
592,-0.7408362
593,-0.6993254
594,-0.6565567
595,-0.6120229
596,-0.5657471
597,-0.5189474
598,-0.4736823
599,-0.4309759
600,-0.3897709
601,-0.3512833
602,-0.3175739
603,-0.2886698
604,-0.2637443
605,-0.2417467
606,-0.2214959
607,-0.202855
608,-0.1864625
609,-0.1724467
610,-0.1605512
611,-0.1498997
612,-0.1391888
613,-0.1290612
614,-0.1215741
615,-0.1165677
616,-0.1122436
617,-0.1073151
618,-0.1000063
619,-0.09083873
620,-0.08069611
621,-0.07012998
622,-0.05973602
623,-0.04984059
624,-0.04055736
625,-0.03002047
626,-0.02049781
627,-0.01225317
628,-0.005305905
629,0.001253627
630,0.008987712
631,0.01832595
632,0.0288406
633,0.03900428
634,0.04653436
635,0.04975593
636,0.04751303
637,0.04031807
638,0.02990454
639,0.01577056
640,-0.0009523092
641,-0.0186675
642,-0.03529814
643,-0.05064908
644,-0.06592691
645,-0.08133578
646,-0.09632957
647,-0.1114568
648,-0.1280555
649,-0.1461654
650,-0.164862
651,-0.1826459
652,-0.1976517
653,-0.208595
654,-0.2146764
655,-0.216021
656,-0.2134407
657,-0.2081243
658,-0.2014989
659,-0.1932965
660,-0.1820066
661,-0.1675606
662,-0.1509653
663,-0.1338578
664,-0.1182815
665,-0.1042975
666,-0.09049468
667,-0.07646966
668,-0.06258106
669,-0.04948797
670,-0.03804619
671,-0.02753613
672,-0.01645889
673,-0.007488041
674,0.00251046
675,0.01312649
676,0.02392388
677,0.03479031
678,0.04585694
679,0.05646171
680,0.06538045
681,0.07334512
682,0.08250904
683,0.09567158
684,0.1159993
685,0.1423568
686,0.1704607
687,0.1965428
688,0.2173636
689,0.2326615
690,0.2443966
691,0.253575
692,0.2604599
693,0.265214
694,0.26792
695,0.2695069
696,0.2717388
697,0.2766455
698,0.2839932
699,0.2932048
700,0.3026183
701,0.3116684
702,0.3206233
703,0.3291932
704,0.336686
705,0.3416557
706,0.3421574
707,0.3386279
708,0.3332561
709,0.3274174
710,0.3218337
711,0.3171416
712,0.3138904
713,0.31201
714,0.310973
715,0.3108714
716,0.3122524
717,0.3163536
718,0.3248734
719,0.3380793
720,0.3551641
721,0.3737641
722,0.3904543
723,0.4036399
724,0.4131471
725,0.420289
726,0.4274345
727,0.4354678
728,0.4441405
729,0.4549866
730,0.4680898
731,0.4818138
732,0.4948895
733,0.5064919
734,0.5161583
735,0.5251371
736,0.5358956
737,0.549069
738,0.5660846
739,0.5820363
740,0.5928061
741,0.5973608
742,0.5969088
743,0.5933533
744,0.5890396
745,0.5861242
746,0.586538
747,0.5904824
748,0.5968652
749,0.6044515
750,0.6119463
751,0.6183565
752,0.6229519
753,0.6246745
754,0.6222675
755,0.6160892
756,0.6076852
757,0.5981932
758,0.58841
759,0.5785397
760,0.5683413
761,0.5570974
762,0.5437667
763,0.5282196
764,0.5110112
765,0.4924558
766,0.4733893
767,0.4542524
768,0.4352523
769,0.4178445
770,0.4039962
771,0.3942672
772,0.3881522
773,0.3850299
774,0.3842163
775,0.3847068
776,0.3852965
777,0.3855706
778,0.3857175
779,0.3867415
780,0.3902139
781,0.3971247
782,0.4079913
783,0.4213259
784,0.4342092
785,0.4441681
786,0.4491572
787,0.44867
788,0.4433632
789,0.434725
790,0.424808
791,0.4154485
792,0.408255
793,0.4026319
794,0.3963744
795,0.3877156
796,0.375282
797,0.3598109
798,0.3435777
799,0.328119
800,0.3143655
801,0.3024449
802,0.2918862
803,0.2820109
804,0.2720142
805,0.261167
806,0.251178
807,0.2439943
808,0.2393503
809,0.2361849
810,0.2328866
811,0.2281363
812,0.2208828
813,0.2103041
814,0.1957827
815,0.1776257
816,0.1568163
817,0.1353592
818,0.115939
819,0.09934498
820,0.08493114
821,0.07244624
822,0.06193964
823,0.05299229
824,0.04485276
825,0.03637025
826,0.02614255
827,0.01377518
828,-0.0003629399
829,-0.01642812
830,-0.03495758
831,-0.0552715
832,-0.07581332
833,-0.09478632
834,-0.1102865
835,-0.1216852
836,-0.1293256
837,-0.1336042
838,-0.1349438
839,-0.1341865
840,-0.1324541
841,-0.1307027
842,-0.1297287
843,-0.1296644
844,-0.1301444
845,-0.1292856
846,-0.124155
847,-0.1147624
848,-0.1033014
849,-0.09215449
850,-0.08375189
851,-0.07902013
852,-0.07773306
853,-0.08050799
854,-0.08855984
855,-0.1022789
856,-0.1214245
857,-0.1436371
858,-0.1650757
859,-0.1829969
860,-0.1955788
861,-0.2026255
862,-0.2051591
863,-0.2048593
864,-0.2038311
865,-0.2022448
866,-0.1988315
867,-0.1924034
868,-0.1805036
869,-0.1639972
870,-0.1466721
871,-0.13051
872,-0.1150054
873,-0.1012202
874,-0.09033161
875,-0.08308975
876,-0.07989644
877,-0.08084824
878,-0.08580752
879,-0.09401962
880,-0.1042984
881,-0.1147479
882,-0.1230186
883,-0.1283822
884,-0.1313406
885,-0.1331113
886,-0.1353956
887,-0.1382617
888,-0.1405652
889,-0.1414259
890,-0.1401945
891,-0.138431
892,-0.1368614
893,-0.1354397
894,-0.1350352
895,-0.1364219
896,-0.1402719
897,-0.1461646
898,-0.1528859
899,-0.1585239
900,-0.1607251
901,-0.1599918
902,-0.158924
903,-0.1586896
904,-0.1593498
905,-0.1603531
906,-0.1607161
907,-0.1598164
908,-0.157325
909,-0.1534515
910,-0.148798
911,-0.1438246
912,-0.1388687
913,-0.1341514
914,-0.1297989
915,-0.1264785
916,-0.1252318
917,-0.126142
918,-0.1285769
919,-0.1318484
920,-0.135253
921,-0.1386558
922,-0.1423487
923,-0.1458352
924,-0.148536
925,-0.1509684
926,-0.1526363
927,-0.1538769
928,-0.1556321
929,-0.1581577
930,-0.1611911
931,-0.1645143
932,-0.1670056
933,-0.1685614
934,-0.1673884
935,-0.1632048
936,-0.1568987
937,-0.1493433
938,-0.1413689
939,-0.1341625
940,-0.1291294
941,-0.1263371
942,-0.1248579
943,-0.1239649
944,-0.123108
945,-0.1217834
946,-0.1195422
947,-0.1163899
948,-0.1126691
949,-0.1099242
950,-0.1105295
951,-0.1146497
952,-0.1208043
953,-0.1279612
954,-0.1354595
955,-0.1440296
956,-0.1554029
957,-0.1695277
958,-0.1850311
959,-0.1998318
960,-0.2114042
961,-0.2192354
962,-0.2243259
963,-0.2277045
964,-0.2303831
965,-0.2327093
966,-0.2345263
967,-0.235639
968,-0.2358324
969,-0.2341741
970,-0.2292386
971,-0.2207472
972,-0.2092845
973,-0.1964805
974,-0.1846768
975,-0.1752861
976,-0.1689759
977,-0.1660399
978,-0.1664805
979,-0.1685952
980,-0.169482
981,-0.1689238
982,-0.1687016
983,-0.1697884
984,-0.1725203
985,-0.1758219
986,-0.1776131
987,-0.1776356
988,-0.1769924
989,-0.1767174
990,-0.1777533
991,-0.1797687
992,-0.1815001
993,-0.1817307
994,-0.1793258
995,-0.1745948
996,-0.1689065
997,-0.1645208
998,-0.1642693
999,-0.1681761
1000,-0.174181
1001,-0.1804354
1002,-0.1853167
1003,-0.1884853
1004,-0.1920098
1005,-0.1961718
1006,-0.1987021
1007,-0.1986176
1008,-0.1959272
1009,-0.1911758
1010,-0.1852855
1011,-0.179142
1012,-0.1735696
1013,-0.1680246
1014,-0.1609711
1015,-0.1522564
1016,-0.1427597
1017,-0.1339579
1018,-0.1277129
1019,-0.1241309
1020,-0.1220108
1021,-0.1204521
1022,-0.1188108
1023,-0.1162091
1024,-0.1116311
1025,-0.1049424
1026,-0.09666895
1027,-0.08659799
1028,-0.07397978
1029,-0.06020493
1030,-0.04761894
1031,-0.03534867
1032,-0.02424401
1033,-0.01428766
1034,-0.004819484
1035,0.004056616
1036,0.01167592
1037,0.01914367
1038,0.0288338
1039,0.04126547
1040,0.05556109
1041,0.07026494
1042,0.08354902
1043,0.09375712
1044,0.09942659
1045,0.1011218
1046,0.1008919
1047,0.09890432
1048,0.09392884
1049,0.08592256
1050,0.07572599
1051,0.06413289
1052,0.05187339
1053,0.04027627
1054,0.03106242
1055,0.02419673
1056,0.01834239
1057,0.01280343
1058,0.007385381
1059,0.0003880295
1060,-0.008048768
1061,-0.01637462
1062,-0.02428765
1063,-0.03168965
1064,-0.03863832
1065,-0.04537163
1066,-0.0522522
1067,-0.05943482
1068,-0.06691402
1069,-0.07459822
1070,-0.08233537
1071,-0.08976605
1072,-0.09639141
1073,-0.1007366
1074,-0.100663
1075,-0.09645192
1076,-0.09017023
1077,-0.08326028
1078,-0.07664711
1079,-0.07080717
1080,-0.06586557
1081,-0.06132179
1082,-0.05623104
1083,-0.0503923
1084,-0.04416412
1085,-0.038378
1086,-0.03418352
1087,-0.03278132
1088,-0.03536099
1089,-0.04113292
1090,-0.04786925
1091,-0.05423609
1092,-0.05961372
1093,-0.06488533
1094,-0.07201327
1095,-0.08147835
1096,-0.09264331
1097,-0.1043178
1098,-0.1141242
1099,-0.1210491
1100,-0.1274896
1101,-0.1356463
1102,-0.1432612
1103,-0.1495316
1104,-0.1525793
1105,-0.1521404
1106,-0.1491608
1107,-0.145723
1108,-0.1446727
1109,-0.1467372
1110,-0.1510455
1111,-0.1567331
1112,-0.1629727
1113,-0.1705702
1114,-0.1815086
1115,-0.1937015
1116,-0.2089512
1117,-0.2261082
1118,-0.2430236
1119,-0.2581242
1120,-0.2703259
1121,-0.2789467
1122,-0.2836315
1123,-0.2854108
1124,-0.2863037
1125,-0.2885644
1126,-0.2945357
1127,-0.3036143
1128,-0.3130353
1129,-0.3218807
1130,-0.3306341
1131,-0.3391504
1132,-0.3468237
1133,-0.3538376
1134,-0.3609526
1135,-0.3671827
1136,-0.3702878
1137,-0.3688211
1138,-0.3619829
1139,-0.3499264
1140,-0.3335089
1141,-0.3139627
1142,-0.2927548
1143,-0.2709297
1144,-0.2491784
1145,-0.2287747
1146,-0.2113739
1147,-0.1981154
1148,-0.1897097
1149,-0.1857014
1150,-0.1847868
1151,-0.1860989
1152,-0.1891263
1153,-0.1933412
1154,-0.198223
1155,-0.2034834
1156,-0.2090171
1157,-0.2145475
1158,-0.2196839
1159,-0.223034
1160,-0.2225211
1161,-0.2178317
1162,-0.209978
1163,-0.2009012
1164,-0.1931625
1165,-0.1874275
1166,-0.1829344
1167,-0.1783556
1168,-0.1719967
1169,-0.1643334
1170,-0.1574306
1171,-0.1530552
1172,-0.1526822
1173,-0.1555164
1174,-0.1591094
1175,-0.1620578
1176,-0.1637838
1177,-0.1634985
1178,-0.1602883
1179,-0.1548595
1180,-0.1490931
1181,-0.1438194
1182,-0.1390573
1183,-0.1341982
1184,-0.1281911
1185,-0.1217297
1186,-0.1167727
1187,-0.1134738
1188,-0.1106422
1189,-0.1079884
1190,-0.1059014
1191,-0.104057
1192,-0.1016153
1193,-0.09849678
1194,-0.09518889
1195,-0.0920535
1196,-0.08934484
1197,-0.08783858
1198,-0.08866485
1199,-0.09270761
1200,-0.1006315
1201,-0.1102355
1202,-0.1172794
1203,-0.1202785
1204,-0.1198491
1205,-0.1174776
1206,-0.1152383
1207,-0.1134216
1208,-0.1109854
1209,-0.1079034
1210,-0.1049042
1211,-0.1024754
1212,-0.1009073
1213,-0.09958908
1214,-0.09726702
1215,-0.09327219
1216,-0.08739523
1217,-0.07944953
1218,-0.06927291
1219,-0.05744471
1220,-0.04507239
1221,-0.0334984
1222,-0.02418605
1223,-0.01788956
1224,-0.01480583
1225,-0.01443902
1226,-0.01579853
1227,-0.01788836
1228,-0.01974694
1229,-0.02028271
1230,-0.018352
1231,-0.013241
1232,-0.004585336
1233,0.005713224
1234,0.01552312
1235,0.0258
1236,0.03642499
1237,0.04742542
1238,0.05893697
1239,0.07197453
1240,0.08728511
1241,0.1031127
1242,0.11609
1243,0.1251117
1244,0.1307925
1245,0.1336611
1246,0.1341638
1247,0.1333987
1248,0.1329046
1249,0.1346745
1250,0.1363156
1251,0.1372447
1252,0.1378059
1253,0.1381049
1254,0.1380678
1255,0.1383666
1256,0.1402
1257,0.1431819
1258,0.1457665
1259,0.147116
1260,0.1469502
1261,0.1445113
1262,0.1387195
1263,0.128993
1264,0.1151455
1265,0.09829427
1266,0.07995029
1267,0.06096373
1268,0.04672499
1269,0.03802554
1270,0.03390839
1271,0.03298915
1272,0.03361758
1273,0.03451761
1274,0.03473873
1275,0.03357869
1276,0.03054728
1277,0.02651482
1278,0.02332666
1279,0.02165001
1280,0.02125256
1281,0.02174162
1282,0.02262024
1283,0.02390887
1284,0.02601014
1285,0.02809986
1286,0.02847704
1287,0.02786057
1288,0.02873475
1289,0.03132669
1290,0.03418141
1291,0.03664723
1292,0.03869279
1293,0.04064933
1294,0.04310385
1295,0.04547564
1296,0.04634178
1297,0.04513764
1298,0.04195833
1299,0.03691614
1300,0.03013371
1301,0.02131282
1302,0.00985733
1303,-0.002969186
1304,-0.01457282
1305,-0.02301046
1306,-0.02689883
1307,-0.0260625
1308,-0.02123162
1309,-0.01415405
1310,-0.00726597
1311,-0.002397312
1312,-0.0008564075
1313,-0.002401395
1314,-0.00564857
1315,-0.008471479
1316,-0.008275902
1317,-0.00545928
1318,-0.002621932
1319,-0.0009223146
1320,-0.0004053222
1321,-0.000263435
1322,0.0009113909
1323,0.003632621
1324,0.007729497
1325,0.01302996
1326,0.01721423
1327,0.01938164
1328,0.02018629
1329,0.02081368
1330,0.02279796
1331,0.02671716
1332,0.03241799
1333,0.039287
1334,0.04639202
1335,0.05289907
1336,0.05807926
1337,0.06138202
1338,0.06241205
1339,0.06241965
1340,0.06382694
1341,0.06749924
1342,0.07311317
1343,0.07993972
1344,0.08697593
1345,0.09341685
1346,0.09863531
1347,0.1016502
1348,0.1012578
1349,0.09774315
1350,0.09248492
1351,0.08666353
1352,0.0812678
1353,0.0753044
1354,0.06635198
1355,0.0544678
1356,0.04154662
1357,0.02856398
1358,0.01577776
1359,0.003836285
1360,-0.006348846
1361,-0.01487192
1362,-0.02256991
1363,-0.0287945
1364,-0.03182383
1365,-0.03068506
1366,-0.02500186
1367,-0.01736118
1368,-0.01244738
1369,-0.01163407
1370,-0.01378641
1371,-0.01760772
1372,-0.02172953
1373,-0.02579837
1374,-0.03022517
1375,-0.03423584
1376,-0.03620744
1377,-0.03589828
1378,-0.03410075
1379,-0.03180967
1380,-0.03013221
1381,-0.02913416
1382,-0.02810748
1383,-0.0262755
1384,-0.02284145
1385,-0.01717567
1386,-0.008799218
1387,0.001406296
1388,0.01130902
1389,0.01812044
1390,0.02463987
1391,0.03049432
1392,0.03485131
1393,0.03594838
1394,0.03128562
1395,0.02505495
1396,0.02055167
1397,0.01980754
1398,0.02383722
1399,0.03178547
1400,0.04144222
1401,0.05057092
1402,0.05700195
1403,0.06010231
1404,0.06040426
1405,0.05853593
1406,0.05517505
1407,0.0508154
1408,0.04579639
1409,0.04004118
1410,0.03316788
1411,0.02496465
1412,0.01535499
1413,0.0044505
1414,-0.007501141
1415,-0.0205345
1416,-0.03489078
1417,-0.04958119
1418,-0.06274343
1419,-0.07452757
1420,-0.08656942
1421,-0.09875537
1422,-0.1096802
1423,-0.1183786
1424,-0.1215887
1425,-0.1190107
1426,-0.1119256
1427,-0.1017587
1428,-0.08999011
1429,-0.07737867
1430,-0.06412096
1431,-0.05069499
1432,-0.03776933
1433,-0.02585213
1434,-0.01308866
1435,0.0007352984
1436,0.01444483
1437,0.0269272
1438,0.03716058
1439,0.04508112
1440,0.05133991
1441,0.05739991
1442,0.06310058
1443,0.07123917
1444,0.08060788
1445,0.08977434
1446,0.09719457
1447,0.1010675
1448,0.09947401
1449,0.09113086
1450,0.07528211
1451,0.05282474
1452,0.02585291
1453,-0.002476963
1454,-0.02834141
1455,-0.05028373
1456,-0.06865934
1457,-0.0844677
1458,-0.09914824
1459,-0.1127018
1460,-0.1240641
1461,-0.1318159
1462,-0.1362962
1463,-0.1389142
1464,-0.1377303
1465,-0.1344765
1466,-0.1308765
1467,-0.1278174
1468,-0.1256353
1469,-0.123254
1470,-0.1185931
1471,-0.1105762
1472,-0.09891482
1473,-0.08428179
1474,-0.06803937
1475,-0.05134581
1476,-0.03516451
1477,-0.02086437
1478,-0.01006029
1479,-0.003565232
1480,-0.001385322
1481,-0.000849193
1482,0.00165476
1483,0.007190388
1484,0.01489068
1485,0.02397693
1486,0.03376443
1487,0.04412075
1488,0.0545517
1489,0.0651649
1490,0.07548165
1491,0.08414742
1492,0.08939099
1493,0.09146392
1494,0.09210744
1495,0.09207994
1496,0.09138357
1497,0.09089654
1498,0.09211269
1499,0.09576676
1500,0.1020009
1501,0.1101145
1502,0.1188078
1503,0.1272736
1504,0.1351009
1505,0.1425281
1506,0.1502656
1507,0.1582697
1508,0.1659396
1509,0.1729549
1510,0.1792159
1511,0.1847331
1512,0.1895986
1513,0.1941551
1514,0.1989166
1515,0.2034645
1516,0.2067048
1517,0.2082622
1518,0.2083105
1519,0.207238
1520,0.2055788
1521,0.2045092
1522,0.2056367
1523,0.2093863
1524,0.2152885
1525,0.2218082
1526,0.2266788
1527,0.2290349
1528,0.2290849
1529,0.2291853
1530,0.2331927
1531,0.2413213
1532,0.2510765
1533,0.2594872
1534,0.263344
1535,0.2623401
1536,0.2583336
1537,0.2526343
1538,0.2460974
1539,0.2387741
1540,0.2301176
1541,0.2199957
1542,0.2085898
1543,0.1962492
1544,0.1834352
1545,0.1697535
1546,0.1541922
1547,0.1377793
1548,0.1230138
1549,0.1113957
1550,0.1036242
1551,0.09796044
1552,0.0889738
1553,0.07786777
1554,0.06722123
1555,0.05758789
1556,0.04834093
1557,0.03935262
1558,0.03086906
1559,0.02387029
1560,0.0198404
1561,0.02009624
1562,0.02577601
1563,0.03613932
1564,0.04907876
1565,0.06158787
1566,0.07011084
1567,0.07198802
1568,0.06533234
1569,0.05052444
1570,0.02961757
1571,0.005064101
1572,-0.02047861
1573,-0.04542215
1574,-0.06903093
1575,-0.09048454
1576,-0.1089332
1577,-0.1232409
1578,-0.1321078
1579,-0.1359138
1580,-0.1362737
1581,-0.1348853
1582,-0.1334456
1583,-0.1323672
1584,-0.1310944
1585,-0.1283624
1586,-0.1224297
1587,-0.1128462
1588,-0.100138
1589,-0.08580957
1590,-0.072033
1591,-0.06050287
1592,-0.05249236
1593,-0.04779513
1594,-0.04511401
1595,-0.04489589
1596,-0.04842257
1597,-0.05451538
1598,-0.06159986
1599,-0.0701112
1600,-0.07797282
1601,-0.08307007
1602,-0.08334438
1603,-0.07888989
1604,-0.07139743
1605,-0.06204065
1606,-0.05156747
1607,-0.04142084
1608,-0.0335735
1609,-0.03319075
1610,-0.03880588
1611,-0.04950893
1612,-0.06251075
1613,-0.07580344
1614,-0.08803378
1615,-0.09854848
1616,-0.1057497
1617,-0.111812
1618,-0.1177964
1619,-0.1247689
1620,-0.133756
1621,-0.1432343
1622,-0.1498496
1623,-0.1517095
1624,-0.1480818
1625,-0.1403764
1626,-0.13154
1627,-0.1235987
1628,-0.1178181
1629,-0.1153702
1630,-0.1173097
1631,-0.1234783
1632,-0.1328204
1633,-0.1432556
1634,-0.1520241
1635,-0.158854
1636,-0.1653287
1637,-0.1722513
1638,-0.1798141
1639,-0.1877111
1640,-0.1952773
1641,-0.2004994
1642,-0.2004444
1643,-0.1941608
1644,-0.1822073
1645,-0.1659422
1646,-0.1472673
1647,-0.1279028
1648,-0.109369
1649,-0.09382312
1650,-0.08380938
1651,-0.07993793
1652,-0.08135838
1653,-0.08543909
1654,-0.08832809
1655,-0.08771283
1656,-0.08251365
1657,-0.07397129
1658,-0.06499991
1659,-0.05809887
1660,-0.05536211
1661,-0.05649983
1662,-0.05946485
1663,-0.06190189
1664,-0.06131867
1665,-0.05737242
1666,-0.04953064
1667,-0.03979843
1668,-0.02997893
1669,-0.0203723
1670,-0.01088549
1671,-0.0008931304
1672,0.01059961
1673,0.02359466
1674,0.03735683
1675,0.05096261
1676,0.06338465
1677,0.07363054
1678,0.08077364
1679,0.08496711
1680,0.08716005
1681,0.08832566
1682,0.08804052
1683,0.08666909
1684,0.08408579
1685,0.08014607
1686,0.0753729
1687,0.07022164
1688,0.06508021
1689,0.06036373
1690,0.0564914
1691,0.05393313
1692,0.05317715
1693,0.05343262
1694,0.0529905
1695,0.05074404
1696,0.04607686
1697,0.03984812
1698,0.03397836
1699,0.02969642
1700,0.02766979
1701,0.02758878
1702,0.02843021
1703,0.02930903
1704,0.02947649
1705,0.02917735
1706,0.02938317
1707,0.03105541
1708,0.03510961
1709,0.04130992
1710,0.04857423
1711,0.05489182
1712,0.05764232
1713,0.05681458
1714,0.05433374
1715,0.05136103
1716,0.04844753
1717,0.04562148
1718,0.04252278
1719,0.03885943
1720,0.03440123
1721,0.02945862
1722,0.02473065
1723,0.01970472
1724,0.01299095
1725,0.005657592
1726,0.0005524445
1727,-0.0009064104
1728,0.001581364
1729,0.006705005
1730,0.0120082
1731,0.01585362
1732,0.0172747
1733,0.01697985
1734,0.01689218
1735,0.0177959
1736,0.01960024
1737,0.02079295
1738,0.01832856
1739,0.009025695
1740,-0.004872767
1741,-0.02282839
1742,-0.04381749
1743,-0.0659724
1744,-0.08687122
1745,-0.1052095
1746,-0.1205632
1747,-0.1339205
1748,-0.147279
1749,-0.1613859
1750,-0.1760317
1751,-0.1906795
1752,-0.2045695
1753,-0.216506
1754,-0.2250177
1755,-0.2298485
1756,-0.2316549
1757,-0.2325652
1758,-0.2316167
1759,-0.2264092
1760,-0.2146823
1761,-0.1986285
1762,-0.1801934
1763,-0.1609176
1764,-0.142205
1765,-0.124686
1766,-0.1083926
1767,-0.09324496
1768,-0.0790827
1769,-0.06538228
1770,-0.05137174
1771,-0.03735616
1772,-0.02442708
1773,-0.01325807
1774,-0.004185545
1775,0.002691355
1776,0.007454885
1777,0.009814483
1778,0.00921654
1779,0.005880005
1780,0.0005901204
1781,-0.005628731
1782,-0.01161412
1783,-0.0169606
1784,-0.02183962
1785,-0.02690325
1786,-0.03313409
1787,-0.04002078
1788,-0.04596496
1789,-0.0489499
1790,-0.04672944
1791,-0.04120797
1792,-0.03729353
1793,-0.03726053
1794,-0.04134118
1795,-0.04890299
1796,-0.05869349
1797,-0.06934683
1798,-0.0794651
1799,-0.0879977
1800,-0.09419387
1801,-0.09711447
1802,-0.09545751
1803,-0.08833908
1804,-0.07792852
1805,-0.06688428
1806,-0.05912236
1807,-0.05621454
1808,-0.05793183
1809,-0.06290213
1810,-0.06895663
1811,-0.07580719
1812,-0.08456885
1813,-0.09545457
1814,-0.1079987
1815,-0.1209161
1816,-0.1323636
1817,-0.139666
1818,-0.1441818
1819,-0.147856
1820,-0.1529989
1821,-0.1606199
1822,-0.170723
1823,-0.1836663
1824,-0.2000529
1825,-0.2180142
1826,-0.2339222
1827,-0.2462364
1828,-0.2550247
1829,-0.2610393
1830,-0.2655113
1831,-0.2686148
1832,-0.2697349
1833,-0.2680988
1834,-0.2628495
1835,-0.2544351
1836,-0.2442567
1837,-0.234244
1838,-0.2266433
1839,-0.221749
1840,-0.2183953
1841,-0.2156153
1842,-0.2126257
1843,-0.2096662
1844,-0.2077251
1845,-0.2059007
1846,-0.2020391
1847,-0.1998971
1848,-0.1985824
1849,-0.1984584
1850,-0.198352
1851,-0.1976974
1852,-0.1964001
1853,-0.1950175
1854,-0.1945692
1855,-0.1953075
1856,-0.1969061
1857,-0.1986694
1858,-0.1996551
1859,-0.199923
1860,-0.2002727
1861,-0.2011459
1862,-0.202701
1863,-0.2053433
1864,-0.2096442
1865,-0.2155748
1866,-0.2226616
1867,-0.2303283
1868,-0.2379442
1869,-0.2456092
1870,-0.2539605
1871,-0.2627523
1872,-0.2710938
1873,-0.2776622
1874,-0.280868
1875,-0.2800012
1876,-0.275035
1877,-0.2665691
1878,-0.2556469
1879,-0.2445592
1880,-0.2364324
1881,-0.2321804
1882,-0.2310397
1883,-0.2321848
1884,-0.2347735
1885,-0.2384284
1886,-0.2431287
1887,-0.2492087
1888,-0.2572502
1889,-0.2676177
1890,-0.2804985
1891,-0.2949279
1892,-0.3091234
1893,-0.3211744
1894,-0.3291519
1895,-0.3330622
1896,-0.3343495
1897,-0.3343804
1898,-0.3375407
1899,-0.3423847
1900,-0.3490106
1901,-0.3570183
1902,-0.3650587
1903,-0.3723297
1904,-0.3784647
1905,-0.3833516
1906,-0.387071
1907,-0.3897537
1908,-0.3899459
1909,-0.389006
1910,-0.3868673
1911,-0.3839894
1912,-0.3813624
1913,-0.3789317
1914,-0.3758711
1915,-0.3713862
1916,-0.3647368
1917,-0.3557073
1918,-0.3444799
1919,-0.3321694
1920,-0.3205404
1921,-0.3095905
1922,-0.2980095
1923,-0.2864652
1924,-0.2770649
1925,-0.2700576
1926,-0.2643036
1927,-0.2595948
1928,-0.2564204
1929,-0.2554976
1930,-0.2576819
1931,-0.2636079
1932,-0.2737192
1933,-0.2877205
1934,-0.304777
1935,-0.3247899
1936,-0.3503689
1937,-0.3783209
1938,-0.406002
1939,-0.4324867
1940,-0.4579413
1941,-0.4813419
1942,-0.5008242
1943,-0.5145534
1944,-0.5207928
1945,-0.5194991
1946,-0.5118947
1947,-0.4999135
1948,-0.4859463
1949,-0.4708263
1950,-0.4542028
1951,-0.4374804
1952,-0.4233101
